rumahsakit_name,name,rating,review
Rumah Sakit Umum Daerah KRMT Wongsonegoro,bram isani nugroho,5.0,The best and good services hospitalThx u so much
Rumah Sakit Umum Daerah KRMT Wongsonegoro,Rosemarie Jr,4.0,"good servicefor those who want to be vaccinated, be prepared for your copy of ktp and e-ticket (downloaded from victory.semarang)"
Rumah Sakit Umum Daerah KRMT Wongsonegoro,hengki firman syah,4.0,"My wife gave birth in this hospital with Dr. Kartika. I love the hospitality and the facility is adequate, and now my sister gave birth in this hospital too"
Rumah Sakit Umum Daerah KRMT Wongsonegoro,Eko Budi,5.0,public hospital of semarangnew building: gatotkaca pavillion for vip inpatient ward
Rumah Sakit Umum Daerah KRMT Wongsonegoro,Dody Adiyanto,5.0,"Security ramah"""
Rumah Sakit Umum Daerah KRMT Wongsonegoro,AL Ghifary,5.0,Security ramah
Rumah Sakit Umum Daerah KRMT Wongsonegoro,In Quest,4.0,Good service of health care
Rumah Sakit Umum Daerah KRMT Wongsonegoro,Eko Budiono,5.0,Yes youüëç
Rumah Sakit Umum Daerah KRMT Wongsonegoro,1904324 ANITA AULIA,5.0,I love this hospital‚ù§Ô∏è
Rumah Sakit Umum Daerah KRMT Wongsonegoro,Helly b. Isaiah,3.0,it's a hospital
Rumah Sakit Umum Daerah KRMT Wongsonegoro,JualFiforlif Semarang,4.0,It's good hospital in Semarang
Rumah Sakit Umum Daerah KRMT Wongsonegoro,Anwar Fauzi,4.0,They have a good services.
Rumah Sakit Umum Daerah KRMT Wongsonegoro,Bayu Prabanggoro,5.0,Ok
Rumah Sakit Umum Daerah KRMT Wongsonegoro,febry hasan malik,5.0,Poor
Rumah Sakit Umum Daerah KRMT Wongsonegoro,M Kurniawan,4.0,Nice Hospitalüòâ
Rumah Sakit Umum Daerah KRMT Wongsonegoro,Hokkage Tsunade Nhara,5.0,Alwasy best
Rumah Sakit Umum Daerah KRMT Wongsonegoro,Hilarius Doren,3.0,Improving service...
Rumah Sakit Umum Daerah KRMT Wongsonegoro,Novia Erawati,5.0,"(Translated by Google) Alhamdulillah... The service at RSWN is very excellent... At the time of the late. My father was treated here starting from the nutrition installation service (asking about what food the late father liked), every few hours the nurse came into the room to check on the late father's condition. sir, the room is clean and cleaned 3 times a day, even though the late. Father was treated in class 3 of the Arjuna isolation room but was very satisfying, the security guard was also friendly ""like the security guard at BCA, and when he entered from the ER to the room until he came home he was still handled well and the response was fast... (Original) Alhamdulillah... Pelayanan di RSWN sangatlah prima sekali... Pada saat alm. Bapak saya dirawat disini mulai dari pelayanan instalasi gizi (tanya tentang makanan apa yg disukai alm. bapak), setiap beberapa jam sekali perawatnya masuk ke ruangan untuk cek kondisi alm. bapak, ruangannya bersih dan dibersihkan sehari 3kali, walaupun alm. Bapak dirawat di ruangan kelas 3 isolasi Arjuna tapi sangat memuaskan, satpamnya juga ramah""seperti satpam di BCA, dan awal masuk dari UGD sampai ke ruangan hingga pulang pun tetap ditangani dengan baik juga respon yg cepat..."
Rumah Sakit Umum Daerah KRMT Wongsonegoro,Anna Muslimah,5.0,"(Translated by Google) Thank God the service is friendly, even the officers direct easily, the rooms are beautiful and neat, the staff is friendly, the nurses are agile on calls, the patient comes many times feeling not alone, I hope I don't change this star after I go home (Original) Alhamdulillah pelayanan ramah,bahkan petugas mengarahkan dengan mudah, kamar elok rapi, staff ramah, perawat cekatan dalam panggilan, datang berkali2 pasien merasa tidak sendiri,semoga sy tidak menggnti bintang ini setelah pulang"
Rumah Sakit Umum Daerah KRMT Wongsonegoro,Haris Fauzi Official,5.0,"(Translated by Google) Alhamdulillah, the quick response of outpatient and inpatient, does not differentiate between BPJS and the general public. The mosque is big and clean, there is good parking for cars and motorbikes. If you want outpatient care, make sure you have registered via the application or web link. Quick response from officers, excellent service as long as you have prepared the required files. There are wheelchairs available for patients, air-conditioned waiting areas, there are officers who are ready to direct if they experience difficulties. Good job. (Original) Alhamdulillah, respon cepat rawat jalan maupun rawat inap, tidak membedakan antara BPJS maupun umum. Masjid besar dan bersih, tersedia parkir mobil dan motor yang baik. Kalo mau rawat jalan, pastikan sudah daftar melalui aplikasi ataupun link web. Respon petugas cepat, pelayanan prima asal sudah mempersiapkan berkas yang dibutuhkan. Tersedia kursi roda bagi pasien, tempat tunggu ber-ac, ada petugas yang siap mengarahkan apabila mengalami kesulitan. Good job."
Rumah Sakit Umum Daerah KRMT Wongsonegoro,Irine Kurniawati Hartono,5.0,"(Translated by Google) The name of the hospital is that it is never quiet, the only problem is during visiting hours, finding parking takes quite an effort. And salute to the parking attendants, they are looking for the best solution. The hospital facilities are fully equipped, doctors and nurses provide good educational explanations. New building, bigger and cleaner. (Original) Namanya RS itu emang ga pernah ada sepinya, kendalanya hanya di jam besuk, cari parkir lumayan butuh effort. Dan salut utk petugas parkir, mereka mencarikan solusi yg terbaik. Fasilitas RS nya peralatan lengkap, dokter dan perawat memberikan penjelasan edukasi dg baik. Bangunan baru, semakin gedhe dan bersih ya."
Rumah Sakit Umum Daerah KRMT Wongsonegoro,Arinda D,5.0,"(Translated by Google) friendly staff service, clean and tidy hospital. Spacious parking lot but it's really crowded, you have to find your own parking. (Original) pelayanan staf ramah, rumah sakit bersih dan rapih. Parkir luas tapi memang ramai harus cari parkir sendiri."
Rumah Sakit Umum Daerah KRMT Wongsonegoro,Dahayu Gamis,5.0,"(Translated by Google) Highly recommended hospital. Fast service, nice building, clean, doesn't smell of medicine and isn't horror. The mosque is also very nice. The initial treatment for my child, who turned out to be DSS, was really fast and thorough. The employees are all very friendly, helpful and informative. I really can't imagine if the nurses in the ER or the children's ward don't respond quickly & take action, maybe my child won't be helped... Thank you very much pediatrician Lili Dewanti, the nurses in the emergency room, pediatric ward and PICU, for taking care of my daughter Riandrika. May Allah reward you all with abundant fortune. And for RSWN management, I hope that this excellent service will be maintained & improved, especially the catering..not good üòÅüôè Continued success RSWN. üëç (Original) Rumah sakit yang recommended banget. Pelayanan cepat, gedung bagus, bersih, ga bau obat dan ga horor. Masjidnya juga bagus banget. Penanganan awal anak saya yg ternyata DSS sungguh cepat dan teliti. Pegawainya semua sangat ramah, helpful dan informatif. Sungguh ga kebayang klo suster di IGD maupun bangsal anak ga cepat tanggap & memberi tindakan, mungkin anak saya ga ketolong... Terima kasih banyak dokter anak Lili Dewanti, para perawat di IGD, bangsal anak, dan PICU, yang sudah merawat anak saya riandrika. Semoga Allah membalas kebaikan anda semua dengan rejeki yang berlimpah. Dan untuk manajemen RSWN semoga pelayanan prima ini tetap dipertahankan & ditingkatkan, terutama kateringnya..kurang enak üòÅüôè Sukses terus RSWN. üëç"
Rumah Sakit Umum Daerah KRMT Wongsonegoro,Tyo Zadewa,5.0,"(Translated by Google) When you first enter the Hospital Lobby, you don't feel that this is a hospital, because the lobby has tenants such as Roti O, CFC and an escalator. (Original) Pertama masuk ke Lobby Rumah Sakit gak merasa kalau ini rumah sakit, karena Lobbynya ada tenant2 seperti Roti O, CFC dan ada eskalatornya."
Rumah Sakit Umum Daerah KRMT Wongsonegoro,Lulut Laraseta,4.0,"(Translated by Google) Prime & Steady K.R.M.T Wongsonegoro Regional General Hospital is a regional general hospital located in Semarang City, Central Java Province. RSUD K.R.M.T Wongsonegoro is a hospital under the authority of the Semarang City Government. RSUD K.R.M.T Wongsonegoro is located at Jl. Fatmawati No.1, Mangunharjo Village, Tembalang District, Semarang City, Central Java Province. History The establishment of Semarang City Hospital was pioneered by dr. H. Iman Soebekti, MPH in early 1990. The operation of the Semarang City Hospital was inaugurated by the Mayor of Semarang at that time, namely Mr. Iman Soeparto Tjakrayuda, SH. Decree of the mayor of the Head of the Level II Region of Semarang No. 445/2063 of 1990 concerning Implementation and Determination of Health Service Tariffs for Public Hospitals of the Middle City Level II Region of Semarang. Decree of the Madya Mayor of the Level II Region of Semarang No. 445 concerning the Organizational Structure and Work Procedures of the Level II Regional Public Hospital in Semarang. Operation of the hospital began with the inauguration by the assistant mayor of Semarang, Iman Soeparto Tjakrajuda, SH, based on the decree regarding the birth of the Semarang city hospital made by Mayor Soetrisno Suharto on December 17, 1990. Regional General Hospital K.R.M.T. Wongsonegoro City of Semarang Becomes a Public Trust Hospital in Central Java in the Fields of Service, Education and Research. With mission: Providing complete health services according to the needs of patients and families in a professional manner oriented towards patient safety; Develop human resources, facilities and infrastructure creatively and innovatively in order to improve organizational performance; Organizing education, training, and research in order to develop knowledge, skills, and ethics in the health sector. With the Motto Serve With Sincerity. Notice of K.R.M.T Wongsonegoro Hospital Servant: Hereby declare that we are able to provide services according to the service standards that have been set with full responsibility and if we do not keep our promises, we are ready to accept sanctions in accordance with applicable laws and regulations. (Original) Prima & Mantap Rumah Sakit Umum Daerah K.R.M.T Wongsonegoro adalah sebuah rumah sakit umum daerah yang terletak di Kota Semarang, Provinsi Jawa Tengah. RSUD K.R.M.T Wongsonegoro adalah rumah sakit yang berada di bawah otoritas Pemerintah Kota Semarang. RSUD K.R.M.T Wongsonegoro beralamat di Jl. Fatmawati No.1, Kelurahan Mangunharjo, Kecamatan Tembalang, Kota Semarang, Provinsi Jawa Tengah. Sejarahnya Berdirinya RSUD Kota Semarang dirintis oleh dr. H. Iman Soebekti, MPH pada awal tahun 1990. Pengoperasian RSUD Kota Semarang diresmikan oleh Wali Kota Semarang waktu itu yaitu Bapak Iman Soeparto Tjakrayuda, SH. Keputusan wali kota Kepala Daerah Tingkat II Semarang No. 445/2063 Tahun 1990 tentang Penyelenggaraan dan Penetapan Tarif Pelayanan Kesehatan Rumah Sakit Umum Kota Madya Daerah Tingkat II Semarang. Keputusan Wali Kota Madya Kepala Daerah Tingkat II Semarang No. 445 tentang Struktur Organisasi dan Tata Kerja Rumah Sakit Umum Kota Madya Daerah Tingkat II Semarang. Pengoperasian RS dimulai lewat peresmian oleh Pembantu wali kota semarang, Iman Soeparto Tjakrajuda, SH, berdasarkan SK tentang kelahiran RSUD kota Semarang yang dibuat oleh Walikota Soetrisno Suharto pada tanggal 17 Desember 1990. Rumah Sakit Umum Daerah K.R.M.T. Wongsonegoro Kota Semarang Menjadi Rumah Sakit Kepercayaan Publik di Jawa Tengah dalam Bidang Pelayanan, Pendidikan dan Penelitian. Dengan misi : Memberikan pelayanan kesehatan paripurna sesuai kebutuhan pasien dan keluarga secara profesional yang berorientasi pada keselamatan pasien; Mengembangkan sumber daya manusia, sarana dan prasarana secara kreatif dan inovatif dalam rangka peningkatan kinerja organisasi; Menyelenggarakan pendidikan, pelatihan, dan penelitian dalam rangka mengembangkan ilmu pengetahuan, keterampilan, dan etika bidang kesehatan. Dengan Moto Melayani Dengan Ikhlas. Maklumat Pelayan RSUD K.R.M.T Wongsonegoro: Dengan ini menyatakan sanggup menyelenggarakan pelayanan sesuai standart pelayanan yang telah ditetapkan dengan penuh rasa tanggung jawab dan apabila tidak menepati janji, kami siap menerima sanksi sesuai peraturan perundang-undangan yang berlaku."
Rumah Sakit Umum Daerah KRMT Wongsonegoro,Alfika Riz,2.0,"(Translated by Google) I don't like it here because I don't really care about the psychology of pregnant women, more precisely, pregnant women who are LDR with their husbands and have their first toddler, pregnant women with LDR and their husbands are the main support system for their children, so they really want to be accompanied by those closest to them, especially their children Also the parents, it doesn't make sense that the rules must be for children over 12 years old to enter except for rooms that are affected by minor illnesses - seriously they can still reason, if you are pregnant it's still okay, the mother must also be checked in the lab and healthy, definitely also use a special room for mothers giving birth or put together with other mothers giving birth if the class is other than VIP, please pay attention to it because in my opinion it is important, because I have visited my friends several times to give birth including my brother, poor sister also whined I want to see my younger sister in the hospital atmosphere, want to take a photo together The hospital also makes memories, please pay attention, even though it's a small thing, it has a big impact on people whose support system is low, nowadays G Many other hospitals are also documented in the hospital with special media partners for birth, even the children accompany their mothers to give birth waiting for their younger siblings, if you can't continue, what will happen to the migrating couples who don't fail with several children, don't you want to have to wait too???? ? , even if you can't, at least give a grace period, for example, you can just give birth in seconds and just after the birth or what's the best, don't be like this, I really don't want to be born here, but how come I can't bring children? thanks (Original) Ga suka nya disini itu karena ga terlalu mementingkan psikis ibu hamil sih lebih tepatnya ibu hamil yg LDR sm suami dan punya anak pertama toddler , ibu hamil LDR sm suami itu support system utama nya ya anaknya , jd pengen bgt ditemenin sm org terdekat nya terutama anaknya jg orgtuanya , ga make sense kalo peraturannya harus anak diatas 12 tahun baru masuk kecuali untuk ruangan yg terdampak penyakit2 ringan - serius masih bisa nalar , kalo hamil kan masih isoke aja ibu nya jg pasti dicek lab dan sehat , pasti jg pake ruangan khusus ibu melahirkan atau disatukan dengan ibu melahirkan yg lain kalau kelas nya selain VIP, tolong diperhatikan ya karena menurut saya itu penting, karna saya beberapa kali menjenguk teman saya melahirkan termasuk saudara saya , kasian kakak nya juga merengek pengen lihat adek di Suasana rumah sakit , pengen foto bareng di rumah sakit jg buat memories, tolong diperhatikan ya walaupun hal kecil tp berdampak besar bagi org yg support systm nya rendah , jaman skrg rumah sakit lain jg pada banyak malah dokumentasi di rs bawa media partner khusus Birth,malah anak2 nya pada nemenin ibunya lahiran menanti adiknya, kalo ga boleh terus gimana nasib pasangan merantau yg ti gagal dengan beberapa anak mau gamau harus ikut nunggu????? , kalo pun ga boleh setidaknya kasih tenggang waktu misal boleh pas detik2 lahiran dan after lahiran aja atau gmn baiknya, jgn kayak gini dong sbnrnya saya jg pgn kalo lahiran di sini tapi kok ga boleh bawa anak ya pusing jg kasian jg anaknya tolong bnr bnr diperhatikan makasi"
Rumah Sakit Umum Daerah KRMT Wongsonegoro,Dani Pratiwi,4.0,"(Translated by Google) rs ketileng clean area, nice comfortable, on the first floor there is a friendly and responsive minimarket security running health protocol (Original) rs ketileng area bersih, bagus nyaman, lantai satu ada minimarket security ramah dan tanggap protokol kesehatan berjalan"
Rumah Sakit Umum Daerah KRMT Wongsonegoro,Masela Fadjar Pratiwi,5.0,"(Translated by Google) Clean, neatly arranged, good service, friendly staff, nurses and doctors (Original) Bersih, tertata rapi, pelayanannya bagus, staff, perawat dan dokternya ramah2"
Rumah Sakit Umum Daerah KRMT Wongsonegoro,_ Filardhi,1.0,"(Translated by Google) The drug service took too long, even though I had been left since yesterday, I thought it would come today and it would be taken right away, but it turned out that I was still waiting (Original) Pelayanan obat terlalu lama, padahal sudah di tinggal dari kemarin, saya kira datang hari ini bakal bisa langsung di ambil ternyata masih menunggu lagi"
Rumah Sakit Umum Daerah KRMT Wongsonegoro,anturangga Tantra,4.0,(Translated by Google) Edit: The RSUD's response was very good to my criticism. The Public Relations department immediately responded by calling his wife and asking for direct input. Hopefully in the future the KRMT Wongsonegoro Hospital will be able to provide more quality services both from a medical and administrative standpoint (Original) Edit : Respon RSUD sangat baik terhadap kritik saya. Bagian Humas langsung menanggapi dengan menelpon istri dan meminta masukan langsung. Semoga ke depannya RSUD KRMT Wongsonegoro dapat memberi pelayanan yang semakin berkualitas baik dari sisi medis maupun administrasinya
Rumah Sakit Umum Daerah KRMT Wongsonegoro,Almost Final,2.0,"(Translated by Google) In 2015 I went to the dentist at this hospital to fill tartar, I paid directly the cost of 200 thousand, but the result..., my goodness, the filling is not neat, it has small bubbles, I didn't really understand at that time so I didn't protest. But over time the bubbles erode and produce hollows, the tartar appears again. Pdhl who handles senior doctors. Finally in 2019, I had my teeth filled again in Bogor, even though the doctor was still a junior but the results were satisfactory, the price was 350 thousand, I actually don't mind the high price as long as the results are good, but if this is the case, I lose 200 thousand. (Original) Tahun 2015 saya ke dokter gigi di rs ini untuk menambal karang gigi, saya bayar langsung biayanya 200rb, tapi hasilnya..., ampun deh, tambalannya ga rapi, menggelembung kecil2, saya yg waktu itu ga terlalu paham jadi saya tidak protes. Tapi lama-lama gelembung tersebut terkikis dan menghasilkan cekungan, muncul lagilah karang giginya. Pdhl yg menangani dokter senior. Akhirnya th 2019 saya tambal gigi lagi di Bogor, walaupun dokternya masih junior tp hasilnya memuaskan, harganya 350rb, saya sebenarnya gapapa harga tinggi asal hasilnya bagus, tp kalo gini kan saya rugi 200rb."
Rumah Sakit Umum Daerah KRMT Wongsonegoro,Joedha Atma,3.0,"(Translated by Google) Notes; For rooms with 2 patients, in Gatotkaca The curtains are uncomfortable, For a mattress near the bathroom it is very uncomfortable. When all our curtains are closed, while there are families/visitors on the next bed, going to the bathroom, we have to open our curtains, and it's not very private. Please and hopefully the position of the Curtain Rails can be changed, so that all beds can be equally private and those who go in and out of the bathroom are also comfortable (Original) Catatan; Untuk kamar dg 2 pasien, di Gatotkaca Tirainya tidak Nyaman, Untuk Kasur yang dekat Kamar Mandi sangat tdk nyaman. Saat Tirai kami tutup Semua, sedangkan ada Keluarga/Pengunjung Pasien kasur sebelah, mau ke Kamar Mandi, harus membuka Tirai kami, dan sangat tidak Privasi. Tolong dan smoga posisi Rel Tirai bisa di rubah, biar semua kasur bisa sama2 Privasi dan yg keluar masuk kamar mandi juga nyaman"
Rumah Sakit Umum Daerah KRMT Wongsonegoro,Nisa Faiha,3.0,"(Translated by Google) Initially the service in the ER was quite good, when entering the inpatient room the service was also good, both nurses and doctors, but when the control was in outpatient, less information was given about the flow after checking, taking drugs, drug queues. When finished checking, asked to immediately wait for taking the drug. However, after asking the security guard, I was asked to take a certificate at the initial poly. Even though I already asked, what letter did you take the medicine with? The answer is not to use, just go ahead. It turned out that the students answered the practice. Please improve the service and mentors to students must understand and be able to provide clear information to patients. Because if you practice, you will bring the name of the hospital too (Original) Awalnya pelayanan di UGD cukup bagus, saat masuk di ruang rawat inap juga pelayanan bagus, perawat maupun dokternya, namun saat kontrol di rawat jalan, kurang diberikan informasi ttg alur setelah periksa, ambil obat, antrian obat. Saat selesai periksa , diminta langsung menunggu pengambilan obat. Namun setelah tanya ke satpam, saya diminta ambil surat keterangan di poli awal. Padahal saya sudah menanyakan, ambil obatnya pakai surat apa? Dijawab tidak pakai , langsung saja. Ternyata yang menjawab mahasiswa praktek. Tolong diperbaiki pelayanannya dan juga mentor ke mahasiswa harus memahami dan bisa memberikan keterangan yang jelas ke pasien. Karena kalo sudah praktek akan membawa nama RS juga"
Rumah Sakit Umum Daerah KRMT Wongsonegoro,Rina Arshad,2.0,"(Translated by Google) Actually there are no complaints, starting from files that have been deleted 2x and the service is quite long, sometimes I see a doctor who is grumpy, I can still understand that, I don't have a problem either But, Tbtb there is a therapist who makes me big with what he says Please be more polite in your speech, judging a patient is fatal. Pity Sorry for the rating change (Original) Sebenernya tdk ada keluhan , mulai dr berkas yg pernah dihilangkan 2x dan pelayanannya yg lumayan lama , kadang ketemu dokter yg galak, itu masih bisa saya maklumi, saya juga gak masalahkan Tapi, Tbtb ada terapis yg bikin saya gedek dgn ucapanya Tolong lebih sopan dalam tutur kata, menjudge pasien itu fatal loh. Miris Mohon maaf untuk perubahan ratingnya"
Rumah Sakit Umum Daerah KRMT Wongsonegoro,Avid Kurniawan,1.0,"(Translated by Google) One of the doctors in the ER is not friendly and the service is bad, the sick child just looks at him and doesn't hold anything. Only asked to do a blood test, and when asked the answer doesn't make sense. Is it because I use BPJS so the service is like that? I told you that if it's not covered by BPJS, I'm ready to use GENERAL, I don't think I have any money!!! Remember that you have a code of ethics and a doctor's oath, don't make that oath trivial. Tired of checking here... (Original) Salah 1 dokter di IGD tdk ramah dan pelayanan buruk, anak sakit cm diliat aja dan ga dipegang apa2. Hanya disuruh tes darah, dan kalau ditanya jawabannya ga masuk diakal. Apa krn saya menggunakan BPJS jd pelayanannya jd seperti itu ? Sdh sy bilang klu ga dicover BPJS saya siap pake UMUM, dikira saya ga punya duit apa !!! Ingat kalian ada kode etik dan sumpah dokter, jangan dibikin sepele sumpah itu. Kapok periksa disini..."
Rumah Sakit Umum Daerah KRMT Wongsonegoro,Vina,5.0,"(Translated by Google) I thank you very much, thank you to my son's dsa, dr Pandih and dr dr Tunjung, who have helped my son recover and be healthy again. I really salute and appreciate the prompt and accurate diagnosis so that my child can be immediately given surgery. And the operation was carried out according to schedule. Thank you very much, may Allah repay the kindness of the doctor üôèüôèüôè for RSWN, the RS is very beautiful and clean (Original) sy haturkn banyak banyak terimakasih kpd dsa ank sy dr pandih dn dr bedah dr tunjung yg sdh mmbantu ank sy pulih dn sehat kembali. Sy sngt salut dn apresiasi skali ats diaknosa nya yg cepat dn tepat hingga ank sy bs sgera di beri tindakan operasi. Dn operasi yg terlaksana benar¬≤ sesuai jadwal. Trimksih bnyk smg Allah membalas kbaikan dokterüôèüôèüôè untuk rswn, rs nya smkin bgs asri dn bersih"
Rumah Sakit Umum Daerah KRMT Wongsonegoro,Santi Ls,5.0,"(Translated by Google) good service, the process with bpjs is very easy, during the cesarean operation it was also very smooth, thank God, thank you to the nurses, doctors, guards and all parties concerned, thank you, there is only one problem, namely the problem of visiting, it is a pity that there must be 1 person who looks after it should be at least 2 persons (Original) pelayanan bagus,proses dengan bpjs mudah sekali,pas saat operasi cesar juga sangat lancar,alhamdulillah terima kasih kepada pihak perawat,dokter,penjaga dan seluruh pihak yang bersangkutan terimakasih,hanya ada satu masalah yaitu masalah menjenguk sangat disayangkan harus 1 orang yg jaga harusnya minimal 2 orang"
Rumah Sakit Umum Daerah KRMT Wongsonegoro,Ayu Mayga Sari,5.0,"(Translated by Google) **Good service, good attitude** even though we seek treatment using BPJS. My child is sick with dengue symptoms, I immediately took him to the ER, all the staff were friendly, even the security guard was responsive. after entering the inpatient room, the nurse is painstaking & polite.. Especially for the nurses in Banowati (mba Lisa & mas Budi) thank you very much üôèüèºüôèüèºüôèüèº (Original) **Good service, good attitude** walaupun kita berobat menggunakan bpjs. anak saya sakit gejala DBD langsung saya bawa ke IGD,semua staff ramah bahkan satpam nya pun tanggap. sesudah masuk ruangan inap, perawatny telaten & sopan .. Khususnya buat perawat di Banowati (mba Lisa & mas Budi) makasi banget ü§óüôèüèºüôèüèºüôèüèº"
Rumah Sakit Umum Daerah KRMT Wongsonegoro,Ahli kunci mranggen kunci asia,5.0,"(Translated by Google) The most recommended regional hospital, even though I'm not a resident of Semarang, I really like the service at this hospital, if the others are full of drama & the reason the room is full if you use BPJS but if you go to Wongso Negoro Hospital without further ado, accept it immediately. My prayers for all staff & workers at this hospital are always healthy & progressing, happy the world hereafter. (Original) Rs daerah paling recomended, meski bukan warga semarang saya sangat menyukai pelayanan di rs ini, kalau yg lain penuh dengan drama & alasan ruangan penuh kalau pakai BPJS tp kalau ke RS wongso negoro tanpa basa basi langsung terima. Doa saya buat semua staf & pekerja di rs ini sehat selalu & makin maju , selamat dunia ahirat."
Rumah Sakit Umum Daerah KRMT Wongsonegoro,#57garage_paintArt Pamungkas.hendri,3.0,"(Translated by Google) For the staff from RSWN, it's okay, friendly, thumbs up, üëç, Only security, some are loud, rude negotiators, remember, bro, the security guard, More managing the security guard than the one who owns the hospital I, as a husband, at night take care of my wife, during the day I hug agitatedly, I don't even use a mat, or the boss's ticket, the security guard can't lie down, then I'm told to sit and stand, I sit as a security guard like a boss cake, (Original) Untuk staf dr rswn nya oke ramah,jempol dah,üëç, Cuma security,beberapa ada yg belagu,negor gk sopan,ingat bro gur satpam, Lebih banyak ngatur satpam nya ketimbang yg punya rumah sakit Saya selaku suami,klo mlm jagain istri,siang cm ngeluk geger,gk tdr gk pake alas,atw tiker bos,ktx satpam gk boleh tiduran,lha trus di suruh duduk sama berdiri,q dudu satpam kyk kue bosss,"
Rumah Sakit Umum Daerah KRMT Wongsonegoro,merlinda app,5.0,"(Translated by Google) The experience of the first child born with SC here is that the service is very excellent and good, even though they use BPJS, they are served wholeheartedly, especially the nurses are very good, everyone wants to help patients swiftly. Thank you very much KRMT Wongsonegoro Hospital (Original) Pengalaman anak pertama lahiran SC disini pelayanan sangat prima dan bagus walaupun pakai BPJS dilayani dengan sepenuh hati apalagi perawat2nya sangat baik semua mau membantu pasien dengan sigap. Terima kasih banyak RS KRMT Wongsonegoro"
Rumah Sakit Umum Daerah KRMT Wongsonegoro,kristina rety,1.0,"(Translated by Google) The security guard is not friendly, especially with the family who are clearly responsible for the patient... Seems like you need to learn to be friendly with visitors/patient families, For nurses, buildings, services, doctors etc. very good,, (5 stars) (Original) Satpammya kurang ramah, terutama dengan pihak keluarga yg jelas bertanggung jawab terhadap pasien... Sepertinya perlu belajar ramah dengan pengunjung/keluarga pasien, Untuk perawat, gedung, pelayanan, dokter dll sangat bagus,, (bintang 5)"
Rumah Sakit Umum Daerah KRMT Wongsonegoro,erelira paramitha,5.0,"(Translated by Google) Beyond expectations ‚ù§Ô∏è‚ù§Ô∏è 2018 had surgery, and was hospitalized at the Ketileng Hospital in Semarang (the room service was extraordinary).. as well as a biopsy.. Until now in 2022 I asked for a copy of the biopsy results, the Rs team quickly found it and sent it to me.. Thank you Team RSUD Ketileng Semarang.. (Original) Beyond expectation ‚ù§Ô∏è‚ù§Ô∏è 2018 pernah operasi , dan rawat inap di RS ketileng semarang (pelayanan kamar nya luarbiasa ) .. serta biopsi .. sampe sekarang 2022 saya minta copy an hasil biopsi pun , team Rs gercep mencarikan dan mengirimkan ke saya .. Terimakasih Team RSUD Ketileng Semarang .."
Rumah Sakit Umum Daerah KRMT Wongsonegoro,Mecke Lilis Puspitasari,5.0,"(Translated by Google) MasyaAllah, the service is very friendly, not distinguishing between the general public and BPJS. The security guard was also friendly when asked for directions so we weren't confused about finding a place. Hopefully I don't change my five stars until I get home. (Original) MasyaAllah pelayanannya sangat ramah tidak membedakan umum dan BPJS. Satpam juga ramah saat ditanya arah jadi kami tidak kebingungan mencari tempat. Semoga saya tidak mengganti bintang lima saya sampai pulang."
Rumah Sakit Umum Daerah KRMT Wongsonegoro,agus aris,5.0,"(Translated by Google) Bro, I want to ask, if you take the queue number for control, can it be the day before or not? Then if you take medicine, can you take the next day or not? Hopefully it's answered. RSWN JAYA ALWAYS. VERY OKAY SERVICE. (Original) Kaka mau tanya, kalo ambil nomor antrian buat kontrol boleh hari sebelumnya tdk ya? Terus kalo ambil obat boleh hari besok nya tdk ya? Semoga di jawab deh. RSWN JAYA SELALU. PELAYANAN OKE BANGET."
Rumah Sakit Umum Daerah KRMT Wongsonegoro,anissofiah azise,5.0,"(Translated by Google) The service is good, the nurses are also friendly.. even though they use BPJS they are still well served.. Alhamdulillah.. success then for Wongsonegoro Hospital. I hope the rating continues to rise, amen.. (Original) Pelayanan bagus, perawatnya juga ramah..walaupun pakai BPJS tetap dilayani dengan baik.. Alhamdulillah..sukses trus utk RS wongsonegoro .semoga ratingnya naik terus aamiin.."
Rumah Sakit Umum Daerah KRMT Wongsonegoro,Chlara Puspita,1.0,"(Translated by Google) Disappointing. Please for officers and medical experts including doctors. Starting from the registrar: please for communication, information is explained clearly and in detail during registration. And for doctors, if you visit, ask the patient directly what complaints are still felt. Don't even ask the answer to the nurse. Then please explain about the disease. Cook visit no 3 minutes. It's very obnoxious. Here, waiting for the doctor to come to visit, hoping to be clear about the disease. E did not meet expectations. There are many more that make me dissatisfied with the service. For patient care, please serve wholeheartedly. Sorry in advance if my criticism is very disturbing in the comments column. Thank you for the service that I feel is unsatisfactory. Hopefully in the future it will be even better. üôè (Original) Mengecewakan. Mohon untuk para petugas dan para Ahli medis termasuk Dokter. Mulai dari petugas pendaftaran : mohon untuk komunikasi, informasi dijelaskan secara jelas dan terperinci saat pendaftaran. Dan untuk dokter mohon kalau visit, ditanya ke pasiennya langsung keluhan yg masih dirasakan apa. jangan malah kyk tanya jwb ke suster. Lalu mohon dijelaskan terkait penyakitnya. Masak visit tidak ada 3 menit. Sungguh sangat membangongkan. Disini nunggu dokter dateng visit harapannya biar jelas terkait penyakitnya. E ternyata tidak sesuai ekspetasi. Masih banyak lagi yg membuat saya tdk puas terhadap pelayanan. Untuk pelayanan pasien mohon di layani dengan sepenuh hati. Mohon maaf sebelumnya kalau kritik saya sangat mengganggu di kolom komentar. Terimakasih atas pelayanan yang saya rasa kurang memuaskan. Untuk kedepannya semoga lebih baik lagi. üôè"
Rumah Sakit Umum Daerah KRMT Wongsonegoro,Giyatipujiastuti Astuti,1.0,(Translated by Google) Service is not fast Waiting for a doctor's visit for a long time Better look for another hospital Cleaning service is not polite to comment on the diagnosis of patient's lab results (Original) Pelayanan kurang cepat Nunggu dokter visit lama sekali Mending cari rs lain Cleaning servis kurang sopan memberi komentar ttng diagnosis hasil lab pasien
Rumah Sakit Umum Daerah KRMT Wongsonegoro,Nindia saksita Putri,5.0,"(Translated by Google) Satisfactory service, officers direct easily, comfortable and clean place (Original) Pelayanan memuaskan, petugas mengarahkan dengan mudah, tempat nyaman dan bersih"
Rumah Sakit Umum Daerah KRMT Wongsonegoro,Made Dimas,1.0,"(Translated by Google) The service is unresponsive, the doctor arrives late after that instead he goes to a meeting when there are patients waiting for hours (Original) Pelayanan tidak responsif, dokter datangnya terlambat setelah itu malah pergi rapat saat ada pasien yg menunggu berjam-jam"
Rumah Sakit Umum Daerah KRMT Wongsonegoro,Yuli Adi,5.0,"(Translated by Google) It's good, but if the registration problem has to go online which makes it difficult for people, if people know about science and technology it's a problem (Original) Bagus tp klo masalah pendaftaran hrs lewat online yg mempersulit org , klo org yg tau soal IPTEK menjadi kan masalah"
Rumah Sakit Umum Daerah KRMT Wongsonegoro,Muhammad Ubaidillah,5.0,"(Translated by Google) This RSUD owned by the municipal government of Semarang is really good, especially the Medical Check-up (MCU) for job or education requirements. Cheap price but not cheap. The MCU registration counter opens at 7.00. It is located behind the Gatotkaca pavilion (north side). The process of making a certificate of physical health & drug-free takes about 3 hours (the waiting time for drug test results takes about 2 hours). A mental / spiritual health certificate is only served every Monday & Wednesday until 10.00. Some of the doctors are civil servants and some are not. Depends on your needs. In general good service. (Original) RSUD milik pemkot Semarang ini memang joss, terutama Medical Check up (MCU) untuk persyaratan pekerjaan atau pendidikan. Harga murah tapi gak murahan. Loket pendaftaran MCU buka mulai jam 7.00. Letaknya di belakang pavilion Gatotkaca (bagian utara). Proses pembuatan surat keterangan sehat jasmani & bebas narkoba sekitar 3 jam (lama nunggu hasil tes narkoba sekitar 2 jam). Surat keterangan sehat jiwa / rohani dilayani tiap senin & rabu saja sampai jam 10.00. Dokternya ada yang PNS ada yang tidak. Tergantung kebutuhan Anda. Secara umum pelayanan bagus."
Rumah Sakit Umum Daerah KRMT Wongsonegoro,Sari Utami,5.0,"(Translated by Google) Alhamdulillah, the services of K.R.M.T Wongsonegoro Hospital are very good, friendly, and fast, the hospital is clean and comfortable. (Original) Alhamdulillah Pelayanan RSUD K.R.M.T wongsonegoro baik sekali, ramah, dan cepat, rumah sakit nya bersih n nyaman."
Rumah Sakit Umum Daerah KRMT Wongsonegoro,Lukas Purnomo,5.0,"(Translated by Google) Now this hospital has improved differently from before. The room was clean, the receptionist was friendly, the canteen was also clean. Hopefully in the future the quality will still be improved. Parking space for cars is still not extensive (Original) Sekarang rumah sakit ini sudah berbenah berbeda dengan yang dahulu. Kamar bersih, resepsionis ramah, kantin nya juga bersih. Semoga ke depannya kualitasnya tetap ditingkatkan. Tempat parkir untuk mobil masih kurang luas"
Rumah Sakit Umum Daerah KRMT Wongsonegoro,Isti Anah,4.0,"(Translated by Google) Thank God, they were served well and patiently for all employees along with the doctors and nurses (Original) Alhamdulilah di layani dg baik dan sabar u semua karyawan beserta dokter dan jg perawatnya"
Rumah Sakit Umum Daerah KRMT Wongsonegoro,Lidya S.D.,4.0,"(Translated by Google) Now it's good, almost like Telogorejo. It's good to register first via online / application. If you park the machine, the paper will come out, pay in cash. If using e-toll, enter Paste into the machine. Pay using e-toll. (Original) Sekarang bagus hampir mirip Telogorejo. Baiknya daftar dulu lewat daring/aplikasi. Parkir kalau pejet mesin keluar kertasnya, bayarnya tunai. Kalau pakai e tol, masuk Tempel ke mesin. Bayar pakai e tol."
Rumah Sakit Umum Daerah KRMT Wongsonegoro,Welsfriend Purba,5.0,"(Translated by Google) As a public hospital, it's good. Service to be improved again. I am boost here. (Original) Sebagi rumah sakit umum sudah bagus. Pelayanan agar ditingkatkan lagi. I am boost here."
Rumah Sakit Umum Daerah KRMT Wongsonegoro,Arief Wibowo,5.0,"(Translated by Google) The hospital is clean, tidy, and what is very different from other hospitals is that it doesn't smell like medicine. So like no longer in the hospital area. Was confused because it was difficult to find directions, but fortunately the officers were friendly and very helpful. (Original) RS yang bersih, rapi, dan yang sangat berbeda dengan rumah sakit lainnya adalah tidak tercium bau obat. Jadi kayak bukan lagi berada di area rumah sakit. Sempat bingung karena sulit menemukan penunjuk arah, tapi untungnya para petugasnya ramah dan sangat membantu."
Rumah Sakit Umum Daerah KRMT Wongsonegoro,Darjito 04,5.0,"(Translated by Google) Diswn's service is good, the place is clean, doctors don't pay attention to patient complaints (Original) pelayanan dirswn sdh bagus,tempatnya bersih,untuk dokter krng memperhatikan keluhan pasien"
Rumah Sakit Umum Daerah KRMT Wongsonegoro,Tutorial gaming,1.0,"(Translated by Google) The restaurant just keeps the dining area and equipment as clean as possible during the hospital period, so it is very dirty and the drinking area is crusty and not covered. (Original) Restoran aja menjaga tempat makan dan peralatanya sebersih mungkin masa rumah sakit tempat makanya jorok banget dan tempat minumnya pun berkerak dan tidak di tutupi"
Rumah Sakit Umum Daerah KRMT Wongsonegoro,Retno Kuncoro,4.0,"(Translated by Google) A little disappointed with the service. I gave birth normally in March 2021 & want to pee to the bathroom, why do I need a hose?? Because until now every time I pee, it's not because of my desire but from the doctor himself who insists, in fact until now I feel pain in the urinary tract.!! (Original) Sedikit kecewa dengan pelayanan nya. Saya melahirkan n0rmal pada bulan Maret 2021 & ingin buang air kecil ke kamar mandi, kenapa harus di kasih selang?? Karena sampai sekarang pun setiap saya kencing, itu bukan karena keinginan saya tp dari d0kter nya sendiri yg memaksa, mlah sampai sekarang saya merasakan sakit di bagian saluran kencing.!!"
Rumah Sakit Umum Daerah KRMT Wongsonegoro,D.C. Agus Setyawan,5.0,"(Translated by Google) This hospital is under the management of Semarang City Government. Hospitals that are improving are getting better. I was treated here during a wisdom tooth surgery that grew sideways. Handled by drg. Clever and kind Paul. BPJS users can be served here. Maybe as an input, please provide a canopy for the parking gate, if it rains the visitors will get drenched when picking up parking tickets because there is no shade. (Original) Rumah Sakit ini dibawah pengelolaan Pemerintah Kota Semarang. Rumah sakit yang berbenah menjadi lebih baik. Saya pernah dirawat disini saat operasi Gigi bungsu yang tumbuh menyamping. Ditangani oleh drg. Paul yang cekatan dan baik hati. Untuk pengguna BPJS bisa dilayani disini. Mungkin sebagai masukan, untuk gerbang parkir mohon diberikan kanopi, kalau hujan pengunjung jadi basah kuyup ketika mengambil karcis parkir karena tidak ada peneduhnya."
Rumah Sakit Umum Daerah KRMT Wongsonegoro,Fasha Heikal,5.0,(Translated by Google) The hospital is good because it is still new. I don't know the service because I just visited. Hopefully it will be the best hospital. (Original) Rumah sakit bagus karena masih baru. kurang tau pelayanannnya karena hanya menjenguk. Semoga menjadi rumah sakit terbaik.
Rumah Sakit Umum Daerah KRMT Wongsonegoro,kingzjohan,2.0,"(Translated by Google) 1 star, for the security guard, galake pol. It's not like the BCA bank security guards who are friendly and patient with visitors. We are here to seek treatment, not to make a fuss. Please train the security guard on Customer Service. (Original) Bintang 1, untuk satpamnya, galake pol. Beda ga kaya Satpam bank BCA yang ramah2 dan sabar terhadap pengunjung. kami itu ksini mau berobat bukan cari ribut. Tolong satpamnya ditraining ttg Customer Services."
Rumah Sakit Umum Daerah KRMT Wongsonegoro,Angelica Yazmine,1.0,"(Translated by Google) The security guard at the belagu2 is not friendly, . It should be asked to intercept, use a friendly language, sir/mother/brother. In very bad times, not friendly, just like a** . Please teach that the security guard must be friendly, don't be silly, smile if you want to greet visitors. Mr/mother/sister is like that, cake. (Original) Satpam nya pada belagu2 gak ramah, . Hrs nya kalo tanya mencegat, pake bahasa yg ramah bpk/ibu/kakak. Pada belagu2 amat, gak ramah, mecucu aja kayak a** . Tolong dong di didik itu satpam nya hrs ramah, jgn belagu, hrs senyum kalo mau menyapa pengunjung. Bpk/ibu/kakak gitu kek."
Rumah Sakit Umum Daerah KRMT Wongsonegoro,John Mulyono,4.0,"(Translated by Google) This Gatot Kaca Pavilion is relatively new, if we want to come in here, it has been plastered by a parking lot lined up in front of the building that has these beautiful flower gardens in front of it. As soon as we enter the door, security officers will be welcomed, as if entering the hotel lobby. Don't ask me what is good, the name of the pavilion is definitely good. At the main entrance, on the left is an elevator that can be directly climbed. The elevator is grade A. Very smooth. Here in addition to patient care, it is also functioned as the hospital's top level management office. Other facilities -kantin on the bottom lt -mushola soft carpet - Clean toilet with tissue. Oh yes, access must be used by ID cards, friends, later with the Security, they will be replaced with a visit card hanging from the neck. (Original) Paviliun Gatot kaca ini relative baru bangunanya, kalo kita mau masuk kesini, sudah terpampang parkiran berderet di depan gedung yang punya taman2 bunga cantik ini di depannya. Begitu Kita memasuki pintu akan di sambut oleh petugas security- layaknya masuk lobi hotel. Jangan di tanya bagus apa gak ya, namanya paviliun pasti bagus heeee. Di pintu masuk utama, di sebelah kiri ada lift yang langsung bisa di naikin. Liftnya grade A. Halus banget. Di sini selain utk perawatan pasien yang berduit, di fungsikan juga sebagai kantor top level manajemen Rumah sakit. Fasilitas lain -kantin di lt dasar -mushola karpet empuk -toilet bersih di lengkapi tisu. Oh iya akses masuk harus pakai ID card ya temen2, nanti sama pihak Security- di tuker dengan kartu visit yang di gantungkan di leher."
Rumah Sakit Umum Daerah KRMT Wongsonegoro,Ahmad Afif,5.0,(Translated by Google) the better .more modern for good handling. all employees are always alert with each jobdes 24 hours and good security. Groming is also all the best disciplines. hopefully more will be better.üëçüëçüëç (Original) semakin baik .semakin modern untuk penanganan baik . semua pegawai selalu sigap dengan jobdes masing-masing 24 jam dan keamanan bagus. groming juga semua disiplin tertip. semoga tambah banyak lebih baik.üëçüëçüëç
Rumah Sakit Umum Daerah KRMT Wongsonegoro,Taufiq E.P.,5.0,(Translated by Google) The cleaner the better service(Original)Makin bersih pelayanan baik
Rumah Sakit Umum Daerah KRMT Wongsonegoro,Adhi Kristyawan,5.0,"(Translated by Google) It's really unexpected, a local government hospital but really appreciates the patient and the patient's family. Maintain the cleanliness and comfort of the environment.... (Original) Sungguh diluar dugaan, sebuah rumah sakit pemerintah daerah tetapi sangat sangat menghargai pasien maupun keluarga pasien. Pertahankan kebersihan dan kenyamanan lingkungan......"
Rumah Sakit Umum Daerah KRMT Wongsonegoro,Agustin Tito Muryati,5.0,"(Translated by Google) Comfortable place, hopefully after the renovation it can get even better (Original) Tempat nyaman, semoga setelah renovasi bisa menjadi lebih baik lagi"
Rumah Sakit Umum Daerah KRMT Wongsonegoro,niidya tri,5.0,"(Translated by Google) The hospital is good, comfortable, The service is good Friendly doctors and nurses. . Success for RSWN. . (Original) Rumah sakit nya bagus , nyaman , Pelayanan nya baik Dokter dan perawat ramah . . Sukses buat RSWN . ."
Rumah Sakit Umum Daerah KRMT Wongsonegoro,ande3f,5.0,"(Translated by Google) Enter through the emergency room, because the house in klippang via bpjs upgrade to class 1, you can get a room with a garden view, medical service is ok, only mosquitoes in the room (Original) Masuk lewat igd, karena rumah di klipang via bpjs upgrade ke kelas 1 dapat ruang bisa view taman, pelayanan medis ok, cuma ada nyamuk di kamar"
Rumah Sakit Umum Daerah KRMT Wongsonegoro,Rahmadevi Larastavi,2.0,(Translated by Google) first experience taking my sister to tht. Practice hours are 16-18. I arrived at 16 o'clock. but the doctor only arrived at 17.49. truly extraordinary (Original) pengalaman pertama nganter kakak ke tht. jam praktek pukul 16-18 . aku sampe jam 16 kurang. tp dokternya baru sampe jam 17.49. sungguh luar biasa
Rumah Sakit Umum Daerah KRMT Wongsonegoro,Ajeng Rusmalina,5.0,"(Translated by Google) Salute to the hospital's public relations team who was quick in dealing with complaints from patients, thank you for your help üôè (Original) Salut dengan tim humas rumah sakit yang gercep dalam menghadapi keluhan dari pasien, terima kasih atas bantuannya üôè"
Rumah Sakit Umum Daerah KRMT Wongsonegoro,Dwika Fariri,5.0,"(Translated by Google) Assalamu'alaikum.. Good night. Thank you to RSWN for the convenience provided. The handling from the ER to getting a room for inpatient was very good. In using BPJS, there is also an explanation of the service, Ms. and Mas at the emergency room locker. Very good, polite...Alhamdulillah, this afternoon my child was allowed to go home after being treated in the BANOWATI room.. Anyway, the best üëçüëçüëç (Original) Assalamu'alaikum.. Selamat malam. Terima kasih kepada RSWN atas kenyamanan yg diberikan. Penanganan dri IGD sampai mendapatkan kamar untuk rawat inap sangat baik. N dlm pemkaian BPJS juga penjelasan n pelayanan mbak n mas yg di loker IGD Sangat baik, sopan...Alhamdulillah sore tadi anak sy sdh di izin kan pulang setelah di rawat di ruangan BANOWATI .. Pokoknya The best lah üëçüëçüëç"
Rumah Sakit Umum Daerah KRMT Wongsonegoro,RiYu The Green Ranger,1.0,"(Translated by Google) The worst service at the Semarang red plate hospital, from the ERROR polyclinic ticket printer, to the Pharmacy Service MORE THAN 2 HOURS. #Continue to improve from where #SemarangHebatLike (Original) Pelayanan terburuk di RS plat merah Semarang, dari printer tiket poliklinik ERROR, sampai Pelayanan Farmasi LEBIH DARI 2 JAM. #TerusBerbenahDarimana #SemarangHebatSepertiApa"
Rumah Sakit Umum Daerah KRMT Wongsonegoro,Rai Fahri,3.0,"(Translated by Google) When I was treated in Dewi Kunthi's room There is one midwife who is dirty. The midwife wears glasses, short and fat Coincidentally, I didn't see the name.. While driving to the operating room... Asked his partner where to go.. Dya hasn't heard of this yet I think the patient has a name N the two husbands are waiting for the wife to finish the operation, why can't they be kicked out by the security guard then ... even though the wife still needs the assistance of her husband after the operation, so I'm a migrant in Semarang, far from my family Automatically no mother is waiting for me... That's how it is, the tiles. Third, for the menu, please fix it (Original) Saat sy dirawat diruang dewi kunthi Ada salah satu bidan yg jutek . Bidanny berkacamata pendek n gendut Kebetulan sy tidak liad namany.. Saat mengantar keruang operasi.. Ditany partnerny mau kmn.. Dya blg ngeterke iki to La sya kan pasien punya nama N kedua suami nunggu istri habis operasi ko g boleh...diusir sama satpam trus ..pdhl istri masih butuh pendampingan suami pasca operasi sdgkan sya pendatang disemarang jauh de kelurga Otomatis g da ibui yg ninggu sya... Kayagitu ko ya tegel . Ketiga untuk menu tolong diperbaiki y"
Rumah Sakit Umum Daerah KRMT Wongsonegoro,mohammad anton,3.0,"(Translated by Google) Lack of education for patients so that double payments occur, thank God it was returned, but not everything has been returned to the refuted, it is necessary to have time information on the payment receipt.. for patients can be asked as clearly as possible / the information section is explained as clearly as possible.. thank you for the help (Original) Kurangnya edukasi bagi pasien sehingga terjadi pembayaran doble, alhamdulillah di return , tetapi belum semuanya ke return yg di sanggah, perlu adanya informasi waktu di struk pembayaran.. untuk pasien bisa di tanyakan sejelas jelasnya / dr bagian informasi di jelaskan sejelas jelasnya.. terimakasih atas bantuanya .. semoga menjadi lebih baik"
Rumah Sakit Umum Daerah KRMT Wongsonegoro,Aji Setiawan,1.0,"(Translated by Google) The accident case was about 1KM from the hospital, the ambulance was called but it didn't come. It has been treated, the cost of hospitalization does not match the available facilities. And when it was outpatient, every control came at 9 am, always finished at 3 pm at the latest. It's better if the doctor is right, has given the medicine, it doesn't match the problem, asked to be referred to another poly, just told him to wait even though for 2 weeks there was no progress at all, even accusing the accident victim. And when waiting for the medicine, the queue is only 10, but the fastest waiting time is 2 hours. This hospital is cool üëçüèª (Original) Kasus kecelakaan sekitar 1KM dari RS, telfon ambulannya tapi ga datang¬≤. Udah dirawat, biaya rawat inapnya agak ga sesuai sama fasilitas yg tersedia. Dan waktu sudah rawat jalan, setiap kontrol datang jam 9 pagi, selalu selesai paling cepat jam 3 sore. Mending dokternya bener, udah kasih obatnya ga sesuai masalah, minta dirujuk poli lain cuma nyuruh nunggu¬≤ doang padahal 2 minggu ga ada kemajuan sama sekali, bahkan nuduh yg engga¬≤ ke korban kecelakaannya. Dan waktu nunggu obat, antrinya sih cuma 10, tapi nunggunya paling cepet 2 jam. Keren deh RSUD satu ini üëçüèª"
Rumah Sakit Umum Daerah KRMT Wongsonegoro,Sri Widadi,1.0,"(Translated by Google) The service is for the families of disciplinarian patients, there is no tolerance, visiting from out of town.. at closing time there is no policy.. maybe you can give it a short time.. don't just pursue A ACCREDITATION (Original) Pelayanan nya ke kluarga pasien disiplin mati, tidak ada toleransi, besuk dari Luarkota.. jam pas tutup tidak ada kebijakan.. mungkin bisa di berikan waktu sebentar.. jangan semata mengejar AKREDITASI A"
Rumah Sakit Umum Daerah KRMT Wongsonegoro,Fauzi Ahmad,5.0,"(Translated by Google) I'm originally from Jakarta and had an accident in Semarang, the service was all satisfactory, it's just that the experience of changing 3x rooms was not pleasant during the Covid isolation period (due to the condition of my humerus bone being broken and not being treated at that time). Administration is very easy as a BPJS user and all lines of service (doctors, hospitalization, staff, medicine and surgery) get good service. Thank you rswn, doctor Abi and team. (Original) Saya asli Jakarta dan sempat kecelakaan di Semarang, pelayanan semua memuaskan hanya saja pengalaman ganti 3x ruangan tidak menyenangkan selama waktu isolasi covid (karena kondisi tulang humerus sy patah dan belum penanganan saat itu). Administrasi sangat mudah sebagai pengguna bpjs dan semua lini pelayanan (dokter, rawat inap, staff, obat dan operasi) mendapatkan pelayanan yang baik. Terima kasih rswn, dokter Abi dan tim."
Rumah Sakit Umum Daerah KRMT Wongsonegoro,Andreas Dwi prasetyo,5.0,"(Translated by Google) The service is very satisfying, the doctors and nurses don't discriminate between groups.. steady (Original) Pelayanannya sangat memuaskan dokter dan suster tidak membeda bedakan golongan..mantap"
Rumah Sakit Umum Daerah KRMT Wongsonegoro,Friska Aprilia,1.0,"(Translated by Google) Sorry for being friendly, just check the blood pressure, the nurse said she's lazy. (Original) Maaf krg ramah, periksa tekanan darah aja perawat bilang malas."
Rumah Sakit Umum Daerah KRMT Wongsonegoro,Winda Hayu Dwiani,3.0,(Translated by Google) Inpatient catering ‚≠ê (Good presentation but taste really not recommended) Service ‚≠ê‚≠ê‚≠ê‚≠ê (friendly and nimble) Facilities ‚≠ê‚≠ê‚≠ê‚≠ê (Complete everything) Cleanliness ‚≠ê‚≠ê‚≠ê (Clean standard) (Original) Katering rawat inap ‚≠ê (Penyajian bagus tapi rasa sangat tidak rekomen) Pelayanan ‚≠ê‚≠ê‚≠ê‚≠ê ( ramah dan cekatan) Fasilitas ‚≠ê‚≠ê‚≠ê‚≠ê (Lengkap serba ada) Kebersihan ‚≠ê‚≠ê‚≠ê (Bersih standar)
Rumah Sakit Umum Daerah KRMT Wongsonegoro,Nur Hadi Triana,4.0,"(Translated by Google) The entrance to the inpatient room has to turn first ... the weather in Semarang is very hot and scorching, when entering the area in the hospital it is more cool and shady. Several places including the parking area are still under construction ... (Original) Pintu masuk menuju ke kamar inap harus memutar lebih dahulu.. cuaca semarang yg sangat panas dan terik, ketika masuk area dalam Rumah Sakit jd lebih adem&teduh. Beberapa tempat termasuk di area parkir msh dlm proses pembangunan.."
Rumah Sakit Umum Daerah KRMT Wongsonegoro,Swandana Yoga,5.0,"(Translated by Google) The service is good now, the nurses and doctors are also friendly from the ER, ICU, mortuary officers, to the inpatient room, all are friendly, only those in the registration section next to the ER are rather Jutek and less friendly, especially those who are well-built registration officers. I registered my sister to enter the ER in mid-October, she was not friendly or dirty. But for the others, the service is OK, kind and friendly. Keep going for Wongsonegoro Hospital. (Original) Pelayanannya sekarang bagus,perawat2 dan dokter2nya jg ramah dari IGD, ICU,petugas kamar mayat,sampai ruang inap pun semua ramah,cuma yg di bagian pendaftaran di samping IGD itu orangnya rada Jutek dan kurang ramah,apalagi mas2 petugas pendaftaran yg badanya kekar itu pas saya daftarin kakak saya masuk IGD pertengahan Oktober lalu,dianya kurang ramah atau jutek. Tp untuk yg lainnya sih pelayanan nya sudah Ok,baik dan ramah. Maju terus untuk RS Wongsonegoro."
Rumah Sakit Umum Daerah KRMT Wongsonegoro,Muhamad Faizun,5.0,(Translated by Google) Good service...because there are a lot of patients we have to be patient...for BPJS to be served well (Original) Pelayanan bagus ..karena pasien nya banyak kita harus bersabar..untuk BPJS bisa dilayani dengan baik
Rumah Sakit Umum Daerah KRMT Wongsonegoro,Kenan Rusnandar,5.0,"(Translated by Google) The spirit of service is quite high, the basic set of das des is reliable as well as an added value for the company and PT (Original) Jiwa pelayanannya cukup tinggi, sat set das des pokoknya handal juga sebagai nilai tambah bagi perusahaan dan PT"
Rumah Sakit Umum Daerah KRMT Wongsonegoro,Andik Nyo,5.0,"(Translated by Google) Thank God, thank you for the service at the RSWN from my father to the ER, to the R. Supervision, Operation, R. ICU, and until now outpatient, the service is good and friendly (Original) Alhamdulillah terima kasih untuk pelayanan di RSWN dari bapak saya masuk UGD , Masuk R.Pengawasan , Operasi , R.ICU, dan sampai sekarang rawat jalan , pelayanan baik dan ramah"
Rumah Sakit Umum Daerah KRMT Wongsonegoro,Adhy Wisaksono,5.0,(Translated by Google) The hospital belongs to the Semarang city government. Increasing service. Add modern equipment. And buildings that continue to be built to fulfill health services for the community (Original) Rumas sakit milik pemerintah kota Semarang. Bertambah maju pelayananya. Tambah modern peralatanya. Dan bangunan yg terus dibangun untuk memenuhi pelayanan kesehatan untuk masyarakat
Rumah Sakit Umum Daerah KRMT Wongsonegoro,muhamad ridlwan,1.0,"(Translated by Google) The hospital is getting bigger.. The service is getting worse.. it's chaotic.. The mothers are taken to control instead they are made to go round and round. The explanation from the hospital is not good.. It's the system... BPJS rules... No information from the start.. The experience when I entered the ER was also not good... Doctor is not friendly... If you're not sick, then we'll take him to the hospital #Hopefully it's okay #disappointed with the service ü§¶ü§¶ü§¶ (Original) Rumah sakit nya semakin besar.. Pelayananan nya parah.. semrawut.. Antar ibu untuk kontrol malah di buat muter muter. Penjelasan dari pihak RS yang kurang baik.. Sistem lah.. Aturan BPJS lah.. Tidak ada informasi dari awal seperti apa.. Pengalaman waktu masuk IGD juga ngga bagus... Dokter nya ngga ramah... Kalo ngga sakit masak iya kita bawa ke RS #Semoga berbenah #kecewadenganpelayanan ü§¶ü§¶ü§¶"
Rumah Sakit Umum Daerah KRMT Wongsonegoro,Robi Bi,5.0,"(Translated by Google) Thank you for serving well. And I am very satisfied, the nurses, midwives and doctors are all friendly. BPJS patients are well served. Teak doctor thank you very muchüôèüôèüôè (Original) Terima kasih sudah melayani dengan baik.dan saya sangat puas,suster,bidan dan dokternya pun ramah2 semua. Pasien bpjs d layani dengan baik. Dokter jati terima kasih banyaküôèüôèüôè"
Rumah Sakit Umum Daerah KRMT Wongsonegoro,Slamet Heri Supriyono,5.0,"(Translated by Google) The facilities are good, there's a problem with high cholesterol medicine, why aren't they given medication? (Original) Fasilitas sdh bagus, mslh obat kolestrol tinggi knp gak diberi obatüôè"
Rumah Sakit Umum Daerah KRMT Wongsonegoro,SHN ENTERTAIMENT City noer thaleemuach92,3.0,"(Translated by Google) Thank you, there has been a change in criticism yesterday, I have heard it better, so I added the star, y moon, sorry in advance üôè (Original) Terimakasih udah ada perubahan kritikan kemarin sy sudah di denger lebih baik jadi bintang nya saya tambahin y moon maaf sebelum nya üôè"
Rumah Sakit Umum Daerah KRMT Wongsonegoro,ns Syadia,5.0,"(Translated by Google) Alhamdulillah yesterday was treated in the gatotkaca room, the service was very good, the nurses and security were very friendly (Original) Allhamdulilah kemarin berobat diruang gatotkaca pelayanannya sangat baik,perawat dan securitynya sangat ramah"
Rumah Sakit Umum Daerah KRMT Wongsonegoro,Anak Manang,1.0,"(Translated by Google) Parking facilities are limited, motorbike parking is far from the registration lobby door. (Original) Fasilitas parkir terbatas, parkir motor jauh dari pintu lobby pendaftaran."
Rumah Sakit Umum Daerah KRMT Wongsonegoro,Jk Rooms,4.0,"(Translated by Google) During the Covid 19 pandemic, class 3 rooms felt VIP, because all Rs had no visiting hours. For the bpjs waiters it is quite good but there are still some staff who I feel are a little discriminatory. Yes, that's how it is.. over all good üëç (Original) Di masa pandemi covid 19, kamar kelas 3 rasa vip, karena semua Rs tidak ada jam besuk. Untuk pelayan bpjs sudah cukup bagus tapi masih ada sebagian staff yang saya rasa ada sedikit diskriminatif. Ya begitulah.. over all good üëç"
Rumah Sakit Umum Daerah KRMT Wongsonegoro,Putri Aulia Ramadhani,5.0,"(Translated by Google) The information service is very friendly, patient, willing to help register online (Original) Pelayanan diinformasi sangat ramah,sabar mau membantu daftar online"
Rumah Sakit Umum Daerah KRMT Wongsonegoro,Eko Apriyadi,5.0,"(Translated by Google) Service and care for patients is quite good. The hallmark of this hospital is that officers will use bicycles to get to a place in the hospital environment to speed up service. For example, delivering blood samples from the treatment room to the laboratory. (Original) Pelayanan dan perawatan kepada pasien lumayan baik. Ciri khas dari rumah sakit ini yaitu petugas akan menggunakan sepeda untuk menuju suatu tempat di lingkungan rumah sakit untuk mempercepat pelayanan. Misalnya mengantar sampel darah dari ruang perawatan menuju laboratorium."
Rumah Sakit Umum Daerah KRMT Wongsonegoro,fahmi badjuber,5.0,"(Translated by Google) Service, equipment, everything is extraordinary.... Hopefully it will always be the best.... (Original) Pelayanan, peralatan, semuanya luar biasa.... Semoga tetap selalu jadi yg terbaik...."
